#chrom	position	ref	alt	AAchange	SIFT	Polyphen2
12	49415836	T	C	p.Lys5504Arg	T	D
12	49415848	C	T	p.Arg5500Gln	D	D
12	49416405	C	T	p.Ala5436Thr	T	D
12	49416497	C	T	p.Arg5405His	D	D
12	49416498	G	A	p.Arg5405Cys	D	D
12	49416531	C	T	p.Glu5394Lys	D	D
12	49416537	G	A	p.Arg5392Cys	D	P
12	49416587	G	A	p.Pro5375Leu	D	D
12	49416593	T	C	p.Asn5373Ser	T	B
12	49416594	T	G	p.Asn5373His	D	B
12	49416596	G	C	p.Thr5372Ser	T	B
12	49418398	C	T	p.Ala5339Thr	D	D
12	49418419	T	C	p.Met5332Val	T	P
12	49418445	C	T	p.Arg5323His	D	D
12	49418454	C	T	p.Arg5320His	D	D
12	49418606	C	T	p.Arg5303His	D	D
12	49418613	C	T	p.Val5301Met	D	D
12	49418641	C	G	p.Glu5291Asp	D	D
12	49418651	A	C	p.Leu5288Arg	D	D
12	49418669	C	T	p.Arg5282Gln	T	D
12	49418682	C	T	p.Ala5278Thr	T	B
12	49418707	C	A	p.Glu5269Asp	T	P
12	49418717	C	T	p.Arg5266His	D	D
12	49418718	G	T	p.Arg5266Ser	T	D
12	49419977	C	T	p.Ala5258Thr	T	B
12	49419989	C	T	p.Val5254Ile	T	B
12	49420033	G	A	p.Pro5239Leu	D	D
12	49420055	T	C	p.Ile5232Val	T	B
12	49420058	A	C	p.Ser5231Ala	D	B
12	49420063	C	A	p.Arg5229Leu	T	B
12	49420063	C	T	p.Arg5229His	T	D
12	49420078	C	T	p.Arg5224His	D	B
12	49420079	G	A	p.Arg5224Cys	D	D
12	49420081	T	A	p.Asn5223Ile	D	D
12	49420081	T	C	p.Asn5223Ser	D	P
12	49420083	G	T	p.Asn5222Lys	T	B
12	49420087	G	A	p.Thr5221Ile	T	B
12	49420090	C	T	p.Arg5220His	D	D
12	49420091	G	A	p.Arg5220Cys	D	B
12	49420102	T	C	p.Tyr5216Cys	D	D
12	49420111	G	A	p.Thr5213Met	D	D
12	49420118	C	T	p.Glu5211Lys	T	D
12	49420157	C	T	p.Asp5198Asn	T	B
12	49420171	G	A	p.Pro5193Leu	D	D
12	49420185	G	C	p.Ile5188Met	T	D
12	49420187	T	C	p.Ile5188Val	T	B
12	49420189	G	C	p.Ala5187Gly	D	D
12	49420190	C	T	p.Ala5187Thr	T	D
12	49420194	G	C	p.Phe5185Leu	T	D
12	49420218	C	T	p.Met5177Ile	T	B
12	49420237	C	T	p.Arg5171Gln	T	D
12	49420238	G	A	p.Arg5171Trp	D	D
12	49420247	T	C	p.Ile5168Val	T	P
12	49420250	T	C	p.Ser5167Gly	D	D
12	49420253	C	T	p.Ala5166Thr	D	D
12	49420268	C	T	p.Glu5161Lys	D	D
12	49420282	T	A	p.Tyr5156Phe	T	D
12	49420291	C	T	p.Arg5153Gln	D	D
12	49420345	A	G	p.Met5135Thr	T	B
12	49420346	T	C	p.Met5135Val	T	B
12	49420369	T	C	p.Lys5127Arg	D	P
12	49420390	C	T	p.Arg5120His	D	D
12	49420453	C	A	p.Gly5099Val	D	D
12	49420459	C	T	p.Arg5097Gln	T	P
12	49420468	A	T	p.Leu5094Gln	T	D
12	49420477	T	C	p.Lys5091Arg	T	B
12	49420492	C	T	p.Arg5086Gln	D	D
12	49420549	G	A	p.Thr5067Met	D	D
12	49420613	G	A	p.Pro5046Ser	D	D
12	49420637	C	T	p.Glu5038Lys	D	D
12	49420657	C	T	p.Arg5031His	D	P
12	49420663	A	G	p.Met5029Thr	T	B
12	49420664	T	G	p.Met5029Leu	T	B
12	49420669	C	T	p.Arg5027Gln	D	P
12	49420675	A	C	p.Val5025Gly	D	P
12	49420677	C	G	p.Lys5024Asn	T	P
12	49420678	T	C	p.Lys5024Arg	T	B
12	49420684	G	C	p.Pro5022Arg	D	D
12	49420687	C	T	p.Arg5021Gln	D	P
12	49420693	G	C	p.Ala5019Gly	D	P
12	49420707	C	G	p.Glu5014Asp	T	B
12	49420718	C	G	p.Glu5011Gln	D	D
12	49420727	C	T	p.Glu5008Lys	D	B
12	49420729	C	T	p.Arg5007Gln	T	P
12	49420730	G	A	p.Arg5007Trp	D	D
12	49420744	C	T	p.Arg5002Gln	T	B
12	49420745	G	A	p.Arg5002Trp	D	B
12	49420758	C	A	p.Gln4997His	T	P
12	49420769	G	C	p.Leu4994Val	T	B
12	49420775	G	T	p.Leu4992Met	D	P
12	49420777	C	T	p.Arg4991Gln	T	B
12	49420783	C	T	p.Arg4989Gln	D	D
12	49420792	C	A	p.Arg4986Leu	D	D
12	49420792	C	T	p.Arg4986His	D	D
12	49420793	G	A	p.Arg4986Cys	D	D
12	49420814	G	A	p.Leu4979Phe	T	B
12	49420822	G	A	p.Pro4976Leu	T	B
12	49420822	G	C	p.Pro4976Arg	T	B
12	49420823	G	A	p.Pro4976Ser	T	B
12	49420825	C	T	p.Arg4975His	T	B
12	49420826	G	A	p.Arg4975Cys	T	B
12	49420837	C	A	p.Gly4971Val	D	B
12	49420837	C	T	p.Gly4971Asp	T	B
12	49420843	T	G	p.Glu4969Ala	D	B
12	49420847	G	A	p.Pro4968Ser	T	B
12	49420847	G	T	p.Pro4968Thr	T	B
12	49420853	G	A	p.Arg4966Trp	D	D
12	49420856	C	T	p.Ala4965Thr	T	B
12	49420858	C	T	p.Arg4964His	D	D
12	49420859	G	A	p.Arg4964Cys	D	P
12	49420870	C	T	p.Arg4960Gln	D	B
12	49420913	C	T	p.Val4946Ile	T	B
12	49420918	G	T	p.Pro4944Gln	D	D
12	49420919	G	C	p.Pro4944Ala	D	D
12	49420934	C	T	p.Glu4939Lys	T	B
12	49420937	T	C	p.Thr4938Ala	T	B
12	49420978	G	A	p.Ser4924Phe	T	P
12	49420984	G	A	p.Ala4922Val	T	B
12	49420987	A	G	p.Leu4921Ser	T	B
12	49421002	G	A	p.Pro4916Leu	T	D
12	49421009	G	A	p.Pro4914Ser	T	B
12	49421017	G	A	p.Pro4911Leu	D	B
12	49421023	G	A	p.Pro4909Leu	T	B
12	49421026	G	A	p.Ala4908Val	T	B
12	49421029	G	A	p.Ser4907Leu	T	B
12	49421038	C	T	p.Arg4904Gln	T	D
12	49421042	C	T	p.Val4903Met	D	D
12	49421048	G	C	p.Leu4901Val	D	D
12	49421096	C	T	p.Ala4885Thr	T	B
12	49421606	T	C	p.Ile4875Val	T	D
12	49421606	T	G	p.Ile4875Leu	T	D
12	49421623	A	G	p.Leu4869Pro	D	D
12	49421644	G	A	p.Ala4862Val	T	B
12	49421648	C	T	p.Asp4861Asn	D	D
12	49421650	A	G	p.Phe4860Ser	D	P
12	49421680	G	C	p.Pro4850Arg	D	B
12	49421686	T	C	p.Lys4848Arg	T	B
12	49421696	G	C	p.Leu4845Val	T	B
12	49421801	C	T	p.Glu4836Lys	T	P
12	49421804	C	T	p.Ala4835Thr	T	B
12	49421810	C	G	p.Gly4833Arg	D	D
12	49421811	C	A	p.Lys4832Asn	D	P
12	49421811	C	G	p.Lys4832Asn	D	P
12	49421816	T	G	p.Lys4831Gln	T	B
12	49421818	G	A	p.Pro4830Leu	T	B
12	49421822	C	T	p.Glu4829Lys	T	B
12	49421833	C	T	p.Arg4825Gln	D	P
12	49421834	G	A	p.Arg4825Trp	D	D
12	49421837	C	T	p.Ala4824Thr	T	B
12	49421842	C	G	p.Ser4822Thr	T	B
12	49421863	T	C	p.Tyr4815Cys	D	D
12	49421869	T	C	p.Asn4813Ser	T	B
12	49421875	A	T	p.Ile4811Asn	D	P
12	49421894	C	T	p.Glu4805Lys	D	B
12	49421912	C	T	p.Val4799Met	D	B
12	49422619	C	T	p.Ala4792Thr	D	D
12	49422639	A	G	p.Met4785Thr	T	B
12	49422654	C	T	p.Ser4780Asn	T	B
12	49422676	T	A	p.Thr4773Ser	T	B
12	49422709	C	T	p.Gly4762Ser	T	B
12	49422718	C	T	p.Gly4759Arg	D	B
12	49422720	T	C	p.Tyr4758Cys	D	P
12	49422720	T	G	p.Tyr4758Ser	T	P
12	49422727	T	G	p.Lys4756Gln	D	B
12	49422889	C	A	p.Ala4736Ser	T	B
12	49422891	C	T	p.Arg4735Gln	T	D
12	49422892	G	A	p.Arg4735Trp	D	D
12	49422898	C	T	p.Glu4733Lys	T	B
12	49422909	C	T	p.Arg4729Gln	D	B
12	49422910	G	A	p.Arg4729Trp	D	P
12	49422918	C	T	p.Gly4726Asp	T	B
12	49422923	A	C	p.His4724Gln	T	B
12	49422927	G	A	p.Pro4723Leu	D	D
12	49422933	C	T	p.Arg4721His	D	D
12	49422934	G	A	p.Arg4721Cys	D	D
12	49422949	C	A	p.Gly4716Trp	D	D
12	49422949	C	G	p.Gly4716Arg	D	D
12	49422950	C	G	p.Leu4715Phe	T	P
12	49422957	C	G	p.Ser4713Thr	D	D
12	49422973	C	T	p.Ala4708Thr	D	P
12	49422997	C	T	p.Asp4700Asn	D	D
12	49423008	T	C	p.Asp4696Gly	T	D
12	49423015	C	G	p.Glu4694Gln	T	D
12	49424082	A	T	p.Asp4660Glu	T	B
12	49424084	C	G	p.Asp4660His	D	P
12	49424087	G	A	p.Arg4659Trp	D	B
12	49424089	G	A	p.Ala4658Val	T	P
12	49424092	G	A	p.Ser4657Phe	D	B
12	49424093	A	G	p.Ser4657Pro	T	B
12	49424095	G	A	p.Ala4656Val	T	B
12	49424098	G	A	p.Ala4655Val	T	B
12	49424111	G	A	p.His4651Tyr	D	B
12	49424132	G	C	p.Pro4644Ala	T	B
12	49424138	C	T	p.Val4642Ile	D	B
12	49424164	G	A	p.Ser4633Leu	T	D
12	49424188	G	A	p.Ser4625Leu	D	P
12	49424203	G	A	p.Pro4620Leu	D	D
12	49424389	T	A	p.Thr4612Ser	T	B
12	49424389	T	G	p.Thr4612Pro	D	B
12	49424403	T	A	p.Tyr4607Phe	T	D
12	49424415	C	A	p.Gly4603Val	T	B
12	49424415	C	T	p.Gly4603Asp	T	B
12	49424427	G	A	p.Ala4599Val	T	B
12	49424428	C	T	p.Ala4599Thr	T	B
12	49424443	C	G	p.Ala4594Pro	D	P
12	49424460	T	C	p.Gln4588Arg	D	B
12	49424484	C	T	p.Gly4580Asp	D	D
12	49424487	A	G	p.Phe4579Ser	D	D
12	49424500	G	A	p.Leu4575Phe	D	P
12	49424508	T	C	p.Asn4572Ser	T	B
12	49424512	C	T	p.Ala4571Thr	D	B
12	49424518	T	C	p.Ile4569Val	T	B
12	49424520	G	A	p.Ala4568Val	T	B
12	49424529	G	A	p.Thr4565Met	T	B
12	49424679	T	A	p.Lys4556Asn	D	B
12	49424701	T	G	p.Glu4549Ala	D	P
12	49424714	C	A	p.Val4545Phe	T	B
12	49424714	C	T	p.Val4545Ile	T	B
12	49424717	C	T	p.Gly4544Arg	T	B
12	49424720	C	A	p.Asp4543Tyr	D	D
12	49424728	C	T	p.Arg4540Gln	D	P
12	49424729	G	A	p.Arg4540Trp	D	D
12	49424737	T	C	p.Lys4537Arg	D	D
12	49424758	T	C	p.Asp4530Gly	D	B
12	49424759	C	T	p.Asp4530Asn	D	B
12	49424760	G	T	p.Ser4529Arg	D	B
12	49424765	C	T	p.Ala4528Thr	T	B
12	49424770	T	C	p.Gln4526Arg	T	B
12	49424777	G	A	p.Arg4524Trp	D	D
12	49424779	T	G	p.Lys4523Thr	D	D
12	49424788	G	A	p.Pro4520Leu	D	B
12	49424798	G	C	p.Pro4517Ala	T	B
12	49424810	C	T	p.Ala4513Thr	T	B
12	49424972	G	A	p.Pro4506Ser	T	B
12	49424975	T	C	p.Thr4505Ala	T	B
12	49424989	T	C	p.Gln4500Arg	T	P
12	49424989	T	G	p.Gln4500Pro	D	B
12	49425001	G	A	p.Ala4496Val	T	B
12	49425002	C	A	p.Ala4496Ser	T	B
12	49425005	G	C	p.Leu4495Val	D	P
12	49425007	T	G	p.Lys4494Thr	D	D
12	49425014	C	T	p.Asp4492Asn	T	B
12	49425023	C	T	p.Gly4489Arg	D	D
12	49425025	T	C	p.Asn4488Ser	D	D
12	49425027	G	C	p.Ile4487Met	D	D
12	49425047	C	T	p.Glu4481Lys	D	P
12	49425053	C	A	p.Gly4479Trp	D	D
12	49425055	C	T	p.Arg4478Gln	T	B
12	49425067	A	C	p.Leu4474Arg	D	P
12	49425067	A	G	p.Leu4474Pro	D	B
12	49425073	A	G	p.Val4472Ala	D	B
12	49425083	C	T	p.Ala4469Thr	T	B
12	49425086	G	A	p.Arg4468Trp	D	D
12	49425086	G	C	p.Arg4468Gly	D	P
12	49425124	C	A	p.Arg4455Leu	D	D
12	49425124	C	T	p.Arg4455His	D	D
12	49425125	G	A	p.Arg4455Cys	D	D
12	49425127	G	C	p.Pro4454Arg	D	B
12	49425142	A	T	p.Leu4449His	D	P
12	49425148	T	C	p.Asn4447Ser	D	B
12	49425149	T	C	p.Asn4447Asp	D	B
12	49425149	T	G	p.Asn4447His	D	P
12	49425157	C	T	p.Gly4444Glu	D	B
12	49425158	C	T	p.Gly4444Arg	D	P
12	49425170	T	C	p.Ile4440Val	T	B
12	49425181	T	C	p.Asn4436Ser	D	B
12	49425196	A	G	p.Val4431Ala	D	B
12	49425217	C	T	p.Cys4424Tyr	D	P
12	49425229	C	T	p.Arg4420Gln	D	P
12	49425230	G	A	p.Arg4420Trp	D	D
12	49425241	T	C	p.Lys4416Arg	D	D
12	49425248	T	C	p.Ser4414Gly	D	B
12	49425265	G	A	p.Pro4408Leu	T	B
12	49425268	A	G	p.Val4407Ala	T	B
12	49425285	C	A	p.Gln4401His	D	B
12	49425328	T	C	p.Gln4387Arg	D	B
12	49425331	G	A	p.Thr4386Ile	D	B
12	49425344	T	C	p.Asn4382Asp	T	B
12	49425349	G	A	p.Pro4380Leu	D	B
12	49425350	G	T	p.Pro4380Thr	D	B
12	49425353	G	C	p.Pro4379Ala	T	B
12	49425370	C	A	p.Gly4373Val	D	P
12	49425370	C	T	p.Gly4373Asp	D	P
12	49425371	C	T	p.Gly4373Ser	T	P
12	49425385	G	T	p.Thr4368Asn	D	B
12	49425386	T	C	p.Thr4368Ala	T	B
12	49425389	C	G	p.Asp4367His	D	P
12	49425409	G	A	p.Pro4360Leu	D	B
12	49425417	C	G	p.Arg4357Ser	D	B
12	49425428	G	A	p.Pro4354Ser	T	B
12	49425430	G	A	p.Pro4353Leu	T	B
12	49425443	G	C	p.Pro4349Ala	T	B
12	49425443	G	T	p.Pro4349Thr	D	B
12	49425445	C	A	p.Gly4348Val	D	B
12	49425451	G	A	p.Pro4346Leu	D	B
12	49425469	T	A	p.His4340Leu	D	B
12	49425472	G	C	p.Thr4339Ser	T	B
12	49425478	G	C	p.Pro4337Arg	D	B
12	49425479	G	C	p.Pro4337Ala	D	B
12	49425487	G	A	p.Ala4334Val	T	B
12	49425489	C	A	p.Glu4333Asp	D	B
12	49425489	C	G	p.Glu4333Asp	D	B
12	49425502	T	C	p.Gln4329Arg	D	B
12	49425509	T	A	p.Ser4327Cys	D	B
12	49425512	G	T	p.Pro4326Thr	D	B
12	49425514	G	A	p.Ser4325Phe	D	B
12	49425536	T	G	p.Lys4318Gln	T	P
12	49425544	T	C	p.Gln4315Arg	D	B
12	49425548	G	A	p.Pro4314Ser	D	B
12	49425560	G	A	p.Pro4310Ser	D	B
12	49425563	G	A	p.Pro4309Ser	D	P
12	49425563	G	T	p.Pro4309Thr	D	P
12	49425565	G	A	p.Thr4308Ile	D	B
12	49425569	G	A	p.Pro4307Ser	T	B
12	49425571	T	G	p.His4306Pro	D	B
12	49425575	C	T	p.Val4305Ile	D	B
12	49425577	G	A	p.Pro4304Leu	D	B
12	49425595	G	A	p.Thr4298Ile	D	B
12	49425599	A	G	p.Ser4297Pro	T	B
12	49425602	A	C	p.Leu4296Val	D	B
12	49425620	G	C	p.Pro4290Ala	D	B
12	49425623	G	T	p.Leu4289Ile	T	B
12	49425625	C	T	p.Arg4288Gln	D	B
12	49425626	G	A	p.Arg4288Trp	D	D
12	49425629	G	A	p.Pro4287Ser	T	B
12	49425629	G	T	p.Pro4287Thr	T	B
12	49425637	T	C	p.Gln4284Arg	D	B
12	49425640	G	A	p.Pro4283Leu	T	B
12	49425640	G	C	p.Pro4283Arg	T	B
12	49425646	G	C	p.Pro4281Arg	D	B
12	49425671	G	C	p.Pro4273Ala	T	P
12	49425671	G	T	p.Pro4273Thr	D	P
12	49425673	C	T	p.Gly4272Asp	D	P
12	49425683	G	A	p.Pro4269Ser	T	B
12	49425685	C	T	p.Gly4268Glu	D	B
12	49425695	C	G	p.Gly4265Arg	T	B
12	49425708	T	A	p.Gln4260His	T	B
12	49425724	C	T	p.Gly4255Asp	D	P
12	49425727	T	C	p.Gln4254Arg	D	P
12	49425731	G	T	p.Leu4253Ile	D	B
12	49425736	G	A	p.Ser4251Phe	T	B
12	49425764	G	C	p.Pro4242Ala	D	B
12	49425767	G	A	p.Pro4241Ser	D	B
12	49425769	G	A	p.Thr4240Ile	D	B
12	49425775	C	A	p.Arg4238Leu	D	B
12	49425775	C	T	p.Arg4238His	D	B
12	49425776	G	A	p.Arg4238Cys	D	P
12	49425785	G	C	p.Gln4235Glu	D	D
12	49425789	C	G	p.Gln4233His	D	D
12	49425802	C	T	p.Arg4229Gln	D	B
12	49425803	G	A	p.Arg4229Trp	D	D
12	49425805	T	C	p.Gln4228Arg	D	D
12	49425806	G	C	p.Gln4228Glu	D	D
12	49425808	A	G	p.Met4227Thr	D	B
12	49425820	T	C	p.Gln4223Arg	D	B
12	49425824	G	C	p.Leu4222Val	D	D
12	49425825	C	G	p.Gln4221His	T	P
12	49425853	C	A	p.Arg4212Leu	D	B
12	49425853	C	T	p.Arg4212Gln	D	P
12	49425854	G	A	p.Arg4212Trp	D	D
12	49425862	G	A	p.Pro4209Leu	D	B
12	49425869	T	G	p.Lys4207Gln	T	B
12	49425872	C	G	p.Ala4206Pro	D	D
12	49425878	C	T	p.Val4204Ile	T	B
12	49425880	C	G	p.Gly4203Ala	T	B
12	49425881	C	G	p.Gly4203Arg	D	B
12	49425895	C	T	p.Arg4198Gln	D	B
12	49425910	G	A	p.Thr4193Met	T	B
12	49425913	G	A	p.Pro4192Leu	D	B
12	49425922	C	G	p.Gly4189Ala	D	P
12	49425923	C	T	p.Gly4189Arg	D	D
12	49425931	G	A	p.Pro4186Leu	D	B
12	49425937	C	A	p.Gly4184Val	D	B
12	49425939	C	A	p.Gln4183His	D	B
12	49425946	G	C	p.Ser4181Cys	D	B
12	49425949	T	G	p.Gln4180Pro	D	B
12	49425953	G	A	p.Leu4179Phe	T	B
12	49425955	A	G	p.Val4178Ala	T	B
12	49425964	G	A	p.Pro4175Leu	T	B
12	49425964	G	T	p.Pro4175Gln	D	B
12	49425965	G	C	p.Pro4175Ala	T	B
12	49425976	T	C	p.Gln4171Arg	D	B
12	49425979	G	A	p.Pro4170Leu	D	B
12	49425980	G	T	p.Pro4170Thr	D	B
12	49425994	T	C	p.Gln4165Arg	D	P
12	49426003	C	T	p.Arg4162Gln	D	B
12	49426004	G	A	p.Arg4162Trp	D	B
12	49426009	A	G	p.Leu4160Pro	D	P
12	49426025	G	T	p.Pro4155Thr	D	B
12	49426027	C	T	p.Gly4154Asp	D	B
12	49426031	G	C	p.Leu4153Val	D	B
12	49426051	C	G	p.Gly4146Ala	D	B
12	49426055	G	C	p.Pro4145Ala	D	B
12	49426079	G	A	p.Pro4137Ser	T	B
12	49426097	G	A	p.Pro4131Ser	D	B
12	49426103	A	T	p.Ser4129Thr	D	B
12	49426129	C	T	p.Gly4120Asp	D	B
12	49426159	G	A	p.Thr4110Ile	D	B
12	49426159	G	C	p.Thr4110Arg	D	B
12	49426186	T	G	p.Gln4101Pro	T	B
12	49426192	C	T	p.Gly4099Glu	D	P
12	49426207	G	C	p.Pro4094Arg	D	B
12	49426243	G	C	p.Pro4082Arg	D	B
12	49426265	G	A	p.Leu4075Phe	D	B
12	49426276	C	G	p.Gly4071Ala	D	B
12	49426283	G	A	p.Leu4069Phe	D	B
12	49426305	T	G	p.Glu4061Asp	D	B
12	49426316	T	C	p.Met4058Val	D	B
12	49426334	C	T	p.Gly4052Arg	D	B
12	49426336	A	T	p.Ile4051Lys	D	B
12	49426345	G	A	p.Pro4048Leu	D	B
12	49426351	C	T	p.Gly4046Glu	D	B
12	49426355	G	C	p.Gln4045Glu	D	B
12	49426360	G	A	p.Thr4043Ile	T	B
12	49426361	T	G	p.Thr4043Pro	D	B
12	49426393	G	A	p.Ala4032Val	D	B
12	49426402	A	T	p.Val4029Glu	D	B
12	49426403	C	T	p.Val4029Ile	D	B
12	49426406	T	C	p.Thr4028Ala	D	B
12	49426423	G	A	p.Thr4022Met	D	B
12	49426423	G	T	p.Thr4022Lys	D	B
12	49426426	A	G	p.Leu4021Pro	D	B
12	49426436	T	C	p.Thr4018Ala	T	B
12	49426445	G	C	p.Leu4015Val	D	B
12	49426460	A	G	p.Ser4010Pro	D	B
12	49426469	G	T	p.Gln4007Lys	D	P
12	49426471	A	C	p.Leu4006Arg	D	B
12	49426511	G	C	p.Gln3993Glu	D	B
12	49426531	G	C	p.Ser3986Cys	D	P
12	49426534	A	T	p.Leu3985Gln	D	B
12	49426537	A	G	p.Leu3984Ser	D	B
12	49426541	T	C	p.Thr3983Ala	D	B
12	49426543	C	T	p.Arg3982Gln	D	B
12	49426567	T	G	p.Gln3974Pro	D	B
12	49426575	T	G	p.Gln3971His	D	P
12	49426606	T	G	p.Gln3961Pro	T	B
12	49426878	C	T	p.Met3870Ile	D	B
12	49426899	C	G	p.Gln3863His	T	B
12	49426904	G	T	p.Gln3862Lys	T	P
12	49427032	C	T	p.Gly3819Asp	D	B
12	49427063	C	A	p.Val3809Leu	T	B
12	49427068	A	C	p.Val3807Gly	D	P
12	49427087	T	G	p.Met3801Leu	D	B
12	49427108	G	A	p.Pro3794Ser	D	B
12	49427157	C	T	p.Met3777Ile	D	B
12	49427177	G	T	p.Pro3771Thr	D	B
12	49427231	T	C	p.Ile3753Val	T	B
12	49427256	C	A	p.Gln3744His	T	P
12	49427272	T	C	p.Gln3739Arg	D	B
12	49427275	T	C	p.Gln3738Arg	D	D
12	49427305	A	G	p.Met3728Thr	D	B
12	49427309	G	A	p.Arg3727Cys	D	D
12	49427314	T	G	p.Gln3725Pro	D	D
12	49427321	G	T	p.Leu3723Met	D	B
12	49427328	C	G	p.Gln3720His	D	D
12	49427338	T	G	p.Gln3717Pro	D	D
12	49427347	C	T	p.Arg3714Lys	D	D
12	49427348	T	C	p.Arg3714Gly	D	D
12	49427351	A	C	p.Ser3713Ala	T	B
12	49427360	C	T	p.Gly3710Arg	D	P
12	49427364	G	C	p.Ser3708Arg	D	B
12	49427365	C	T	p.Ser3708Asn	T	B
12	49427368	C	T	p.Arg3707Gln	T	P
12	49427386	G	C	p.Pro3701Arg	D	D
12	49427392	A	C	p.Phe3699Cys	D	D
12	49427393	A	C	p.Phe3699Val	D	D
12	49427405	G	A	p.Pro3695Ser	D	B
12	49427407	C	A	p.Gly3694Val	D	D
12	49427408	C	A	p.Gly3694Cys	D	D
12	49427410	G	C	p.Ala3693Gly	T	B
12	49427428	C	G	p.Gly3687Ala	T	B
12	49427429	C	T	p.Gly3687Ser	T	B
12	49427437	T	C	p.Gln3684Arg	D	D
12	49427465	T	C	p.Thr3675Ala	D	B
12	49427467	T	C	p.Asn3674Ser	D	B
12	49427472	G	C	p.Phe3672Leu	D	B
12	49427482	C	T	p.Gly3669Asp	D	P
12	49427486	G	C	p.Pro3668Ala	D	B
12	49427488	T	C	p.Gln3667Arg	D	B
12	49427495	G	C	p.Pro3665Ala	D	B
12	49427506	C	T	p.Gly3661Asp	D	B
12	49427507	C	T	p.Gly3661Ser	T	B
12	49427509	C	T	p.Gly3660Glu	D	B
12	49427515	G	A	p.Thr3658Ile	D	B
12	49427519	G	C	p.Leu3657Val	D	B
12	49427522	G	A	p.Arg3656Cys	D	D
12	49427531	C	T	p.Gly3653Arg	D	B
12	49427545	G	A	p.Pro3648Leu	D	B
12	49427546	G	A	p.Pro3648Ser	D	B
12	49427569	C	T	p.Gly3640Glu	D	P
12	49427572	T	C	p.His3639Arg	D	P
12	49427579	G	T	p.Pro3637Thr	D	B
12	49427606	G	C	p.Leu3628Val	D	P
12	49427611	C	T	p.Arg3626Gln	D	P
12	49427612	G	A	p.Arg3626Trp	D	D
12	49427615	G	A	p.Pro3625Ser	T	P
12	49427642	C	G	p.Val3616Leu	D	B
12	49427701	C	T	p.Arg3596Gln	D	D
12	49427714	T	C	p.Met3592Val	D	B
12	49427875	C	T	p.Ser3572Asn	D	D
12	49427887	G	A	p.Thr3568Ile	D	D
12	49427935	G	A	p.Ala3552Val	D	D
12	49427950	C	T	p.Arg3547His	D	D
12	49427962	C	A	p.Cys3543Phe	D	D
12	49428040	G	T	p.Thr3517Asn	D	D
12	49428067	C	T	p.Arg3508Gln	D	B
12	49428068	G	A	p.Arg3508Trp	D	P
12	49428208	C	T	p.Ala3498Thr	D	P
12	49428219	G	A	p.Pro3494Leu	D	D
12	49428228	C	T	p.Arg3491His	D	B
12	49428231	G	A	p.Pro3490Leu	D	B
12	49428233	C	A	p.Gln3489His	D	D
12	49428249	G	A	p.Ala3484Val	T	B
12	49428255	C	T	p.Arg3482Gln	T	P
12	49428256	G	A	p.Arg3482Trp	D	D
12	49428369	C	A	p.Gly3479Val	D	B
12	49428369	C	T	p.Gly3479Asp	D	B
12	49428372	C	T	p.Ser3478Asn	T	P
12	49428382	C	T	p.Ala3475Thr	T	B
12	49428411	C	A	p.Gly3465Val	T	B
12	49428420	A	G	p.Leu3462Pro	D	D
12	49428436	G	C	p.Leu3457Val	D	D
12	49428444	T	C	p.Gln3454Arg	T	D
12	49428600	C	T	p.Met3450Ile	T	B
12	49428602	T	C	p.Met3450Val	D	B
12	49428608	G	A	p.Pro3448Ser	D	P
12	49428677	C	T	p.Ala3425Thr	D	D
12	49428688	A	G	p.Ile3421Thr	T	B
12	49428689	T	C	p.Ile3421Val	D	B
12	49428694	T	C	p.Asp3419Gly	D	D
12	49428701	C	T	p.Ala3417Thr	T	B
12	49428709	T	C	p.Lys3414Arg	D	B
12	49430937	T	C	p.Gln3401Arg	T	P
12	49430946	A	T	p.Met3398Lys	D	B
12	49430947	T	C	p.Met3398Val	D	B
12	49430947	T	G	p.Met3398Leu	D	B
12	49430961	G	A	p.Pro3393Leu	D	D
12	49430972	C	T	p.Met3389Ile	T	B
12	49430973	A	T	p.Met3389Lys	D	B
12	49430974	T	C	p.Met3389Val	D	B
12	49430979	G	C	p.Pro3387Arg	D	B
12	49430986	T	A	p.Met3385Leu	D	B
12	49430989	T	A	p.Thr3384Ser	D	B
12	49430991	C	T	p.Gly3383Asp	D	B
12	49430994	A	C	p.Met3382Arg	D	B
12	49430994	A	G	p.Met3382Thr	T	B
12	49431003	T	C	p.Gln3379Arg	D	P
12	49431007	A	G	p.Ser3378Pro	D	B
12	49431033	G	T	p.Pro3369His	T	B
12	49431034	G	A	p.Pro3369Ser	D	B
12	49431038	C	A	p.Leu3367Phe	T	P
12	49431038	C	G	p.Leu3367Phe	T	P
12	49431076	G	A	p.His3355Tyr	D	P
12	49431094	T	C	p.Met3349Val	T	B
12	49431096	G	A	p.Ala3348Val	D	B
12	49431100	T	C	p.Met3347Val	T	B
12	49431106	G	A	p.Pro3345Ser	T	B
12	49431109	C	T	p.Ala3344Thr	T	B
12	49431115	G	A	p.Arg3342Cys	D	B
12	49431144	G	C	p.Thr3332Ser	T	B
12	49431156	G	T	p.Pro3328Gln	D	B
12	49431164	C	A	p.Leu3325Phe	D	P
12	49431168	C	A	p.Gly3324Val	D	P
12	49431169	C	G	p.Gly3324Arg	D	P
12	49431177	C	T	p.Arg3321Gln	D	B
12	49431183	C	T	p.Gly3319Asp	D	B
12	49431207	T	C	p.Gln3311Arg	D	B
12	49431226	T	C	p.Ser3305Gly	D	B
12	49431237	C	T	p.Gly3301Asp	D	B
12	49431270	C	T	p.Gly3290Asp	T	B
12	49431352	T	G	p.Lys3263Gln	T	B
12	49431448	C	T	p.Asp3231Asn	D	D
12	49431451	C	A	p.Gly3230Trp	D	D
12	49431473	C	A	p.Leu3222Phe	D	D
12	49431477	G	T	p.Thr3221Asn	D	B
12	49431484	C	T	p.Ala3219Thr	D	B
12	49431514	G	C	p.Leu3209Val	D	B
12	49431574	C	G	p.Gly3189Arg	D	B
12	49431576	G	A	p.Thr3188Met	D	D
12	49431577	T	C	p.Thr3188Ala	T	B
12	49431580	C	A	p.Ala3187Ser	T	B
12	49431582	C	T	p.Gly3186Glu	T	P
12	49431583	C	G	p.Gly3186Arg	T	D
12	49431585	A	T	p.Phe3185Tyr	D	B
12	49431592	C	G	p.Ala3183Pro	D	B
12	49431615	C	T	p.Ser3175Asn	D	B
12	49431625	G	A	p.Pro3172Ser	T	B
12	49431627	C	T	p.Gly3171Glu	D	P
12	49431637	T	C	p.Met3168Val	T	B
12	49431639	C	T	p.Arg3167Gln	D	B
12	49431640	G	A	p.Arg3167Trp	D	P
12	49431649	G	A	p.Arg3164Trp	D	D
12	49431657	A	G	p.Met3161Thr	T	B
12	49431665	C	G	p.Gln3158His	D	B
12	49431687	C	A	p.Gly3151Val	D	B
12	49431709	C	A	p.Ala3144Ser	T	B
12	49431709	C	T	p.Ala3144Thr	T	B
12	49431724	G	A	p.Pro3139Ser	T	B
12	49431754	G	A	p.Pro3129Ser	T	B
12	49431760	G	A	p.Arg3127Cys	D	B
12	49431762	C	A	p.Gly3126Val	D	D
12	49431769	C	T	p.Glu3124Lys	D	P
12	49431787	C	T	p.Val3118Met	D	B
12	49431793	G	A	p.Pro3116Ser	T	B
12	49431796	G	A	p.Leu3115Phe	D	B
12	49431810	C	T	p.Arg3110His	D	B
12	49431811	G	A	p.Arg3110Cys	D	P
12	49431813	G	T	p.Pro3109His	D	B
12	49431823	C	T	p.Ala3106Thr	D	B
12	49431825	T	A	p.Asp3105Val	D	B
12	49431831	G	A	p.Ala3103Val	D	B
12	49431843	C	T	p.Arg3099His	D	B
12	49431844	G	A	p.Arg3099Cys	D	B
12	49431880	G	A	p.Arg3087Trp	D	B
12	49431880	G	C	p.Arg3087Gly	D	B
12	49431910	T	G	p.Asn3077His	D	P
12	49431925	G	T	p.Leu3072Met	D	D
12	49431939	T	C	p.Asn3067Ser	T	B
12	49431970	G	T	p.Leu3057Met	D	D
12	49432011	T	C	p.Asn3043Ser	D	D
12	49432038	T	C	p.Asn3034Ser	D	D
12	49432071	T	C	p.Asp3023Gly	D	B
12	49432090	C	A	p.Asp3017Tyr	D	D
12	49432110	G	A	p.Ala3010Val	D	D
12	49432110	G	C	p.Ala3010Gly	T	D
12	49432137	T	C	p.Lys3001Arg	D	P
12	49432144	C	A	p.Ala2999Ser	T	B
12	49432149	A	C	p.Phe2997Cys	D	P
12	49432153	C	T	p.Asp2996Asn	D	B
12	49432168	G	C	p.Pro2991Ala	T	B
12	49432198	G	C	p.Leu2981Val	T	P
12	49432200	G	A	p.Ala2980Val	D	B
12	49432210	T	C	p.Asn2977Asp	T	B
12	49432215	C	T	p.Arg2975His	D	P
12	49432216	G	A	p.Arg2975Cys	D	P
12	49432227	G	A	p.Thr2971Ile	D	B
12	49432228	T	C	p.Thr2971Ala	D	B
12	49432233	G	A	p.Ser2969Leu	D	B
12	49432236	G	A	p.Pro2968Leu	T	B
12	49432242	C	T	p.Arg2966Gln	T	B
12	49432245	T	C	p.Asn2965Ser	T	B
12	49432245	T	G	p.Asn2965Thr	T	B
12	49432255	C	T	p.Glu2962Lys	D	B
12	49432264	T	C	p.Thr2959Ala	T	B
12	49432273	T	C	p.Thr2956Ala	T	B
12	49432273	T	G	p.Thr2956Pro	D	B
12	49432282	T	C	p.Lys2953Glu	T	B
12	49432285	T	C	p.Thr2952Ala	T	B
12	49432288	G	A	p.His2951Tyr	T	B
12	49432293	G	A	p.Thr2949Ile	T	B
12	49432326	G	A	p.Pro2938Leu	D	B
12	49432340	T	G	p.Lys2933Asn	T	B
12	49432350	G	A	p.Pro2930Leu	T	B
12	49432365	G	A	p.Ala2925Val	D	B
12	49432374	C	T	p.Arg2922Gln	T	B
12	49432375	G	A	p.Arg2922Trp	D	D
12	49432377	A	T	p.Leu2921His	D	P
12	49432392	A	G	p.Leu2916Pro	D	B
12	49432404	T	A	p.Asp2912Val	D	B
12	49432428	G	A	p.Pro2904Leu	D	B
12	49432458	G	A	p.Pro2894Leu	D	B
12	49432464	C	A	p.Gly2892Val	D	B
12	49432497	C	A	p.Arg2881Leu	D	B
12	49432498	G	A	p.Arg2881Trp	D	B
12	49432512	T	G	p.Gln2876Pro	T	B
12	49432548	G	A	p.Pro2864Leu	D	B
12	49432560	C	T	p.Arg2860His	T	P
12	49432561	G	A	p.Arg2860Cys	D	P
12	49432567	A	C	p.Ser2858Ala	T	B
12	49432593	G	A	p.Ala2849Val	D	B
12	49432600	G	A	p.Arg2847Cys	D	B
12	49432606	G	A	p.Leu2845Phe	D	P
12	49432737	C	T	p.Arg2801Gln	D	P
12	49433015	C	T	p.Val2786Met	T	B
12	49433021	T	C	p.Met2784Val	T	B
12	49433029	G	A	p.Pro2781Leu	D	D
12	49433032	G	A	p.Thr2780Met	D	D
12	49433041	G	A	p.Pro2777Leu	T	B
12	49433050	C	A	p.Arg2774Leu	T	P
12	49433050	C	T	p.Arg2774Gln	D	P
12	49433051	G	A	p.Arg2774Trp	D	D
12	49433066	C	T	p.Asp2769Asn	D	P
12	49433067	G	C	p.Ser2768Arg	D	B
12	49433067	G	T	p.Ser2768Arg	D	B
12	49433083	G	A	p.Pro2763Leu	D	B
12	49433107	T	G	p.Lys2755Thr	D	D
12	49433111	T	C	p.Ser2754Gly	T	B
12	49433114	G	A	p.Pro2753Ser	T	B
12	49433123	C	T	p.Gly2750Arg	D	B
12	49433126	C	A	p.Val2749Leu	D	B
12	49433126	C	T	p.Val2749Met	D	B
12	49433136	C	G	p.Lys2745Asn	D	B
12	49433237	G	A	p.Thr2737Ile	D	B
12	49433244	C	A	p.Gly2735Cys	D	B
12	49433249	C	G	p.Ser2733Thr	T	B
12	49433283	C	T	p.Ala2722Thr	T	B
12	49433285	C	T	p.Gly2721Asp	D	B
12	49433291	C	G	p.Ser2719Thr	T	B
12	49433298	G	A	p.Pro2717Ser	D	B
12	49433310	C	T	p.Ala2713Thr	T	D
12	49433357	C	T	p.Arg2697His	D	D
12	49433396	T	C	p.Gln2684Arg	T	D
12	49433511	C	T	p.Arg2681Gln	D	P
12	49433512	G	A	p.Arg2681Trp	D	B
12	49433521	C	G	p.Glu2678Gln	D	D
12	49433542	C	T	p.Gly2671Ser	T	B
12	49433545	A	G	p.Ser2670Pro	T	B
12	49433546	C	A	p.Met2669Ile	D	B
12	49433547	A	C	p.Met2669Arg	D	B
12	49433548	T	C	p.Met2669Val	T	B
12	49433551	C	T	p.Gly2668Ser	T	B
12	49433558	C	A	p.Gln2665His	D	D
12	49433562	G	C	p.Thr2664Ser	D	B
12	49433583	G	A	p.Ala2657Val	D	B
12	49433590	A	G	p.Ser2655Pro	D	B
12	49433597	C	G	p.Met2652Ile	D	B
12	49433598	A	G	p.Met2652Thr	T	B
12	49433599	T	G	p.Met2652Leu	D	B
12	49433619	C	T	p.Arg2645Gln	T	D
12	49433649	C	T	p.Arg2635Gln	T	B
12	49433655	G	A	p.Ser2633Leu	D	B
12	49433658	G	A	p.Ala2632Val	D	B
12	49433671	G	C	p.Leu2628Val	T	B
12	49433674	A	G	p.Tyr2627His	T	B
12	49433689	C	T	p.Asp2622Asn	T	D
12	49433692	G	A	p.Pro2621Ser	T	B
12	49433695	C	T	p.Ala2620Thr	T	B
12	49433701	G	A	p.Pro2618Ser	D	B
12	49433712	G	A	p.Ser2614Leu	D	D
12	49433715	G	A	p.Pro2613Leu	D	B
12	49433721	C	T	p.Arg2611His	T	B
12	49433722	G	A	p.Arg2611Cys	D	D
12	49433724	A	G	p.Leu2610Pro	T	B
12	49433737	C	T	p.Gly2606Arg	D	B
12	49433742	C	A	p.Ser2604Ile	D	B
12	49433754	G	T	p.Ser2600Tyr	D	B
12	49433758	C	A	p.Gly2599Trp	D	D
12	49433766	G	A	p.Pro2596Leu	D	B
12	49433784	G	A	p.Ser2590Leu	D	B
12	49433788	G	A	p.Pro2589Ser	D	B
12	49433792	G	C	p.Phe2587Leu	T	D
12	49433822	G	C	p.Ser2577Arg	D	P
12	49433827	G	C	p.Gln2576Glu	T	P
12	49433829	G	A	p.Pro2575Leu	D	P
12	49433837	C	G	p.Leu2572Phe	D	B
12	49433841	G	A	p.Thr2571Ile	D	B
12	49433848	C	T	p.Gly2569Ser	D	B
12	49433857	A	G	p.Phe2566Leu	T	B
12	49433872	C	T	p.Gly2561Arg	D	P
12	49433875	G	C	p.His2560Asp	T	P
12	49433877	G	A	p.Pro2559Leu	D	P
12	49433877	G	C	p.Pro2559Arg	D	P
12	49433883	G	A	p.Pro2557Leu	D	B
12	49433890	C	T	p.Gly2555Ser	D	B
12	49433905	G	T	p.Pro2550Thr	D	D
12	49433907	G	A	p.Pro2549Leu	D	P
12	49433908	G	A	p.Pro2549Ser	T	B
12	49433911	T	C	p.Lys2548Glu	D	B
12	49433916	G	A	p.Ser2546Phe	T	B
12	49433920	G	C	p.Pro2545Ala	D	B
12	49433925	C	A	p.Gly2543Val	D	D
12	49433943	G	A	p.Thr2537Ile	T	P
12	49433946	A	G	p.Phe2536Ser	T	P
12	49433949	C	T	p.Arg2535His	D	P
12	49433950	G	A	p.Arg2535Cys	T	B
12	49433958	G	A	p.Ser2532Phe	D	P
12	49433962	G	A	p.Pro2531Ser	T	B
12	49433964	G	A	p.Thr2530Ile	D	B
12	49433982	G	A	p.Thr2524Met	D	P
12	49433983	T	C	p.Thr2524Ala	T	B
12	49433994	C	T	p.Arg2520Gln	T	P
12	49433995	G	A	p.Arg2520Trp	D	D
12	49434006	G	A	p.Pro2516Leu	D	B
12	49434010	G	A	p.Pro2515Ser	D	B
12	49434016	C	T	p.Gly2513Arg	D	B
12	49434032	A	T	p.His2507Gln	T	B
12	49434037	G	A	p.Leu2506Phe	T	B
12	49434043	C	T	p.Gly2504Ser	T	B
12	49434054	G	A	p.Ala2500Val	T	B
12	49434055	C	T	p.Ala2500Thr	T	B
12	49434063	G	A	p.Ala2497Val	D	B
12	49434075	C	T	p.Gly2493Glu	D	B
12	49434078	C	T	p.Gly2492Glu	D	P
12	49434087	A	G	p.Leu2489Pro	D	B
12	49434115	T	G	p.Lys2480Gln	D	P
12	49434117	A	G	p.Phe2479Ser	D	P
12	49434120	G	A	p.Ala2478Val	D	P
12	49434132	G	A	p.Pro2474Leu	D	B
12	49434138	G	A	p.Pro2472Leu	D	P
12	49434141	C	T	p.Arg2471Gln	D	D
12	49434145	G	T	p.Pro2470Thr	D	P
12	49434153	T	G	p.His2467Pro	T	B
12	49434174	C	T	p.Arg2460His	D	D
12	49434175	G	A	p.Arg2460Cys	D	D
12	49434186	C	T	p.Arg2456His	D	D
12	49434187	G	A	p.Arg2456Cys	D	D
12	49434196	G	A	p.Pro2453Ser	D	P
12	49434199	G	A	p.Arg2452Cys	D	D
12	49434216	G	A	p.Ser2446Phe	D	P
12	49434218	C	G	p.Gln2445His	T	B
12	49434225	C	T	p.Arg2443His	D	P
12	49434226	G	A	p.Arg2443Cys	D	B
12	49434229	G	A	p.Pro2442Ser	D	D
12	49434252	G	T	p.Ala2434Asp	D	P
12	49434254	T	G	p.Glu2433Asp	T	B
12	49434270	C	T	p.Arg2428Gln	D	P
12	49434318	G	A	p.Pro2412Leu	D	D
12	49434329	G	T	p.Phe2408Leu	D	B
12	49434333	G	A	p.Pro2407Leu	D	B
12	49434334	G	T	p.Pro2407Thr	T	P
12	49434348	G	A	p.Ser2402Leu	D	P
12	49434349	A	C	p.Ser2402Ala	T	B
12	49434351	C	T	p.Arg2401His	D	P
12	49434352	G	A	p.Arg2401Cys	D	D
12	49434355	G	C	p.Pro2400Ala	D	D
12	49434357	G	A	p.Pro2399Leu	D	B
12	49434361	G	C	p.Leu2398Val	T	B
12	49434393	G	A	p.Pro2387Leu	D	D
12	49434396	C	T	p.Arg2386Gln	T	B
12	49434409	G	A	p.Pro2382Ser	D	B
12	49434409	G	T	p.Pro2382Thr	D	P
12	49434417	G	A	p.Ala2379Val	D	P
12	49434424	G	A	p.Pro2377Ser	D	B
12	49434425	G	T	p.Asp2376Glu	D	B
12	49434441	G	A	p.Pro2371Leu	T	B
12	49434444	C	A	p.Arg2370Leu	D	B
12	49434444	C	G	p.Arg2370Pro	D	B
12	49434444	C	T	p.Arg2370His	D	B
12	49434462	C	T	p.Ser2364Asn	T	B
12	49434475	G	C	p.Pro2360Ala	T	B
12	49434484	C	A	p.Ala2357Ser	D	B
12	49434492	G	A	p.Pro2354Leu	D	B
12	49434493	G	A	p.Pro2354Ser	D	B
12	49434495	G	A	p.Pro2353Leu	D	B
12	49434498	G	A	p.Pro2352Leu	D	B
12	49434499	G	T	p.Pro2352Thr	D	B
12	49434504	T	C	p.Gln2350Arg	T	B
12	49434507	G	A	p.Pro2349Leu	D	B
12	49434508	G	A	p.Pro2349Ser	D	B
12	49434517	C	T	p.Gly2346Ser	T	B
12	49434522	C	T	p.Gly2344Asp	D	P
12	49434525	G	A	p.Pro2343Leu	D	B
12	49434526	G	T	p.Pro2343Thr	D	B
12	49434528	C	T	p.Ser2342Asn	D	B
12	49434530	C	G	p.Gln2341His	T	B
12	49434541	C	T	p.Val2338Ile	T	B
12	49434552	C	T	p.Arg2334Gln	D	P
12	49434555	G	A	p.Pro2333Leu	D	D
12	49434555	G	T	p.Pro2333His	D	D
12	49434556	G	A	p.Pro2333Ser	D	P
12	49434564	G	A	p.Pro2330Leu	D	B
12	49434585	G	A	p.Thr2323Ile	T	B
12	49434586	T	C	p.Thr2323Ala	T	B
12	49434594	T	G	p.Glu2320Ala	D	B
12	49434608	G	C	p.His2315Gln	D	P
12	49434624	G	T	p.Pro2310His	D	B
12	49434627	G	A	p.Ser2309Leu	D	B
12	49434634	C	T	p.Val2307Ile	T	B
12	49434652	G	A	p.Pro2301Ser	T	B
12	49434654	C	T	p.Gly2300Glu	D	P
12	49434655	C	T	p.Gly2300Arg	D	D
12	49434657	T	C	p.Tyr2299Cys	D	D
12	49434660	C	A	p.Ser2298Ile	D	B
12	49434663	G	A	p.Pro2297Leu	D	P
12	49434664	G	A	p.Pro2297Ser	D	B
12	49434669	G	A	p.Ser2295Phe	D	B
12	49434700	G	C	p.Leu2285Val	D	B
12	49434708	C	A	p.Arg2282Leu	D	B
12	49434708	C	T	p.Arg2282Gln	T	P
12	49434709	G	A	p.Arg2282Trp	D	P
12	49434717	C	T	p.Gly2279Glu	D	P
12	49434727	G	A	p.Pro2276Ser	T	B
12	49434727	G	T	p.Pro2276Thr	D	B
12	49434729	G	A	p.Pro2275Leu	D	D
12	49434732	G	A	p.Ser2274Leu	D	D
12	49434733	A	G	p.Ser2274Pro	D	D
12	49434742	G	A	p.Pro2271Ser	D	B
12	49434745	C	T	p.Glu2270Lys	T	D
12	49434774	C	G	p.Ser2260Thr	D	P
12	49434781	G	A	p.Pro2258Ser	D	B
12	49434784	C	T	p.Val2257Met	D	B
12	49434799	G	T	p.Leu2252Met	D	P
12	49434801	G	A	p.Ser2251Leu	D	D
12	49434811	G	A	p.Arg2248Cys	D	D
12	49434811	G	C	p.Arg2248Gly	D	D
12	49434820	G	A	p.Leu2245Phe	T	B
12	49434820	G	C	p.Leu2245Val	D	B
12	49434835	T	G	p.Thr2240Pro	D	B
12	49434849	C	T	p.Arg2235Lys	D	B
12	49434855	G	T	p.Thr2233Asn	D	D
12	49434871	T	C	p.Thr2228Ala	D	B
12	49434874	G	A	p.His2227Tyr	D	B
12	49434879	T	C	p.Glu2225Gly	D	P
12	49434895	C	T	p.Ala2220Thr	T	B
12	49434901	G	A	p.Pro2218Ser	D	B
12	49434904	G	A	p.Arg2217Cys	D	P
12	49434910	A	T	p.Ser2215Thr	T	B
12	49434913	C	G	p.Ala2214Pro	D	B
12	49434913	C	T	p.Ala2214Thr	T	B
12	49434915	C	T	p.Gly2213Asp	D	B
12	49434919	G	C	p.Leu2212Val	D	B
12	49434924	G	A	p.Pro2210Leu	T	B
12	49434933	G	A	p.Ala2207Val	T	B
12	49434937	G	A	p.Pro2206Ser	D	B
12	49434945	G	A	p.Thr2203Met	D	B
12	49434948	G	T	p.Pro2202His	D	B
12	49434960	G	C	p.Pro2198Arg	D	B
12	49434960	G	T	p.Pro2198His	T	B
12	49434963	G	A	p.Pro2197Leu	D	B
12	49434975	G	A	p.Pro2193Leu	T	B
12	49434979	C	A	p.Ala2192Ser	T	B
12	49434981	G	A	p.Thr2191Met	D	B
12	49434990	C	A	p.Arg2188Leu	D	P
12	49434990	C	T	p.Arg2188His	D	P
12	49434991	G	A	p.Arg2188Cys	D	P
12	49435009	C	A	p.Ala2182Ser	D	B
12	49435009	C	T	p.Ala2182Thr	T	B
12	49435011	G	A	p.Pro2181Leu	D	B
12	49435015	C	T	p.Ala2180Thr	T	B
12	49435029	T	C	p.Asp2175Gly	D	B
12	49435032	T	C	p.Gln2174Arg	D	B
12	49435035	G	A	p.Ser2173Leu	D	B
12	49435045	G	C	p.Gln2170Glu	D	B
12	49435054	C	T	p.Val2167Met	D	D
12	49435056	T	A	p.Gln2166Leu	D	P
12	49435056	T	C	p.Gln2166Arg	D	P
12	49435066	G	A	p.Leu2163Phe	T	B
12	49435089	G	A	p.Ser2155Leu	D	B
12	49435105	C	A	p.Val2150Leu	D	B
12	49435108	A	G	p.Ser2149Pro	D	B
12	49435113	G	A	p.Ala2147Val	T	B
12	49435116	G	A	p.Pro2146Leu	D	P
12	49435116	G	C	p.Pro2146Arg	D	B
12	49435119	G	A	p.Pro2145Leu	D	P
12	49435128	A	G	p.Phe2142Ser	D	B
12	49435132	C	T	p.Gly2141Arg	D	P
12	49435137	G	A	p.Ala2139Val	D	B
12	49435144	T	C	p.Thr2137Ala	D	B
12	49435146	G	C	p.Ser2136Cys	D	D
12	49435156	C	T	p.Ala2133Thr	D	B
12	49435158	G	A	p.Pro2132Leu	D	B
12	49435161	G	T	p.Thr2131Asn	D	B
12	49435173	C	T	p.Gly2127Asp	D	B
12	49435176	A	G	p.Ile2126Thr	T	B
12	49435191	G	A	p.Ala2121Val	D	B
12	49435203	G	A	p.Pro2117Leu	T	B
12	49435203	G	T	p.Pro2117His	D	B
12	49435204	G	A	p.Pro2117Ser	T	B
12	49435212	C	A	p.Gly2114Val	D	B
12	49435216	G	C	p.Leu2113Val	T	B
12	49435230	G	A	p.Pro2108Leu	D	B
12	49435234	G	T	p.Pro2107Thr	T	D
12	49435239	C	T	p.Arg2105His	D	P
12	49435240	G	A	p.Arg2105Cys	D	P
12	49435252	C	G	p.Ala2101Pro	D	P
12	49435254	G	A	p.Pro2100Leu	D	D
12	49435269	C	T	p.Arg2095His	D	D
12	49435270	G	A	p.Arg2095Cys	D	D
12	49435279	C	T	p.Asp2092Asn	D	B
12	49435285	C	A	p.Val2090Leu	D	B
12	49435290	G	A	p.Thr2088Ile	T	B
12	49435291	T	G	p.Thr2088Pro	D	B
12	49435296	T	C	p.Lys2086Arg	T	B
12	49435298	G	T	p.Asn2085Lys	T	B
12	49435308	C	T	p.Ser2082Asn	T	B
12	49435448	T	G	p.Lys2075Thr	D	D
12	49435455	T	C	p.Ile2073Val	D	D
12	49435457	C	T	p.Arg2072His	D	D
12	49435458	G	A	p.Arg2072Cys	D	D
12	49435475	T	C	p.Asp2066Gly	D	D
12	49435478	T	C	p.Lys2065Arg	T	P
12	49435741	G	A	p.Leu2048Phe	D	D
12	49435893	T	G	p.Asn2030His	D	B
12	49435905	T	C	p.Ile2026Val	T	B
12	49435907	T	A	p.Asn2025Ile	D	D
12	49435908	T	C	p.Asn2025Asp	D	D
12	49435932	T	C	p.Thr2017Ala	D	D
12	49435962	C	G	p.Glu2007Gln	D	D
12	49436001	C	T	p.Asp1994Asn	D	D
12	49436060	G	A	p.Thr1974Met	D	D
12	49436085	G	A	p.Pro1966Ser	T	B
12	49436090	G	A	p.Pro1964Leu	D	D
12	49436108	C	T	p.Arg1958His	D	D
12	49436109	G	A	p.Arg1958Cys	D	D
12	49436387	C	T	p.Asp1942Asn	T	P
12	49436390	T	C	p.Met1941Val	T	B
12	49436404	G	C	p.Pro1936Arg	D	B
12	49436410	T	C	p.Asn1934Ser	T	B
12	49436413	C	A	p.Gly1933Val	D	P
12	49436550	G	C	p.Thr1919Arg	D	P
12	49436553	C	T	p.Arg1918His	D	B
12	49436554	G	A	p.Arg1918Cys	D	P
12	49436555	G	T	p.Ser1917Arg	D	B
12	49436556	C	T	p.Ser1917Asn	T	B
12	49436574	G	A	p.Thr1911Ile	D	B
12	49436574	G	T	p.Thr1911Asn	T	B
12	49436580	C	T	p.Cys1909Tyr	T	B
12	49436584	C	T	p.Gly1908Ser	T	B
12	49436598	C	T	p.Arg1903Gln	T	B
12	49436600	T	G	p.Glu1902Asp	T	B
12	49436614	C	T	p.Val1898Ile	D	D
12	49436648	C	T	p.Met1886Ile	D	B
12	49436877	C	T	p.Asp1876Asn	D	D
12	49436880	A	T	p.Leu1875Ile	D	D
12	49436889	T	C	p.Ser1872Gly	T	P
12	49436892	G	A	p.Leu1871Phe	D	D
12	49436916	G	A	p.Pro1863Ser	D	D
12	49436925	G	T	p.Pro1860Thr	T	B
12	49436952	C	T	p.Val1851Met	D	B
12	49436954	C	T	p.Gly1850Asp	T	B
12	49436957	C	T	p.Gly1849Glu	D	B
12	49436962	C	G	p.Glu1847Asp	T	B
12	49436966	G	A	p.Pro1846Leu	T	B
12	49437176	G	A	p.Arg1835Cys	D	P
12	49437183	T	A	p.Glu1832Asp	T	B
12	49437187	T	A	p.Asp1831Val	T	D
12	49437202	C	A	p.Gly1826Val	D	B
12	49437202	C	G	p.Gly1826Ala	T	B
12	49437426	G	A	p.Ser1820Leu	T	B
12	49437445	T	C	p.Arg1814Gly	T	B
12	49437453	C	A	p.Gly1811Val	D	B
12	49437454	C	T	p.Gly1811Ser	T	B
12	49437462	C	T	p.Gly1808Glu	D	B
12	49437480	C	T	p.Gly1802Glu	T	D
12	49437499	G	A	p.Arg1796Trp	D	D
12	49437510	A	G	p.Val1792Ala	T	B
12	49437511	C	T	p.Val1792Ile	T	B
12	49437513	G	A	p.Ala1791Val	D	B
12	49437523	C	T	p.Ala1788Thr	T	P
12	49437528	C	T	p.Arg1786His	D	P
12	49437529	G	A	p.Arg1786Cys	D	D
12	49437547	C	T	p.Glu1780Lys	D	B
12	49437561	G	A	p.Ala1775Val	D	D
12	49437661	G	A	p.Ala1770Val	T	B
12	49437662	C	A	p.Ala1770Ser	T	B
12	49437666	G	C	p.Phe1768Leu	D	B
12	49437671	T	C	p.Met1767Val	T	B
12	49437685	C	G	p.Ser1762Thr	T	B
12	49437685	C	T	p.Ser1762Asn	T	B
12	49437704	G	A	p.Arg1756Trp	D	D
12	49437739	C	T	p.Ser1744Asn	T	B
12	49437770	C	A	p.Asp1734Tyr	D	P
12	49437776	G	A	p.Pro1732Ser	D	B
12	49437986	C	T	p.Glu1729Lys	T	P
12	49437989	C	T	p.Asp1728Asn	T	P
12	49437991	G	A	p.Pro1727Leu	T	P
12	49438000	T	A	p.Asp1724Val	D	P
12	49438008	C	A	p.Leu1721Phe	T	B
12	49438016	C	G	p.Glu1719Gln	D	P
12	49438018	G	A	p.Ala1718Val	D	B
12	49438036	T	C	p.Lys1712Arg	T	B
12	49438039	T	C	p.Lys1711Arg	D	B
12	49438042	G	A	p.Thr1710Met	T	B
12	49438050	G	T	p.His1707Gln	D	D
12	49438082	C	T	p.Gly1697Ser	D	D
12	49438191	C	T	p.Arg1693Gln	D	D
12	49438195	A	G	p.Tyr1692His	D	D
12	49438204	G	A	p.Arg1689Cys	D	D
12	49438225	C	T	p.Glu1682Lys	T	B
12	49438231	C	T	p.Glu1680Lys	D	P
12	49438243	G	C	p.Pro1676Ala	T	B
12	49438261	C	G	p.Val1670Leu	T	B
12	49438261	C	T	p.Val1670Ile	T	B
12	49438263	G	C	p.Pro1669Arg	D	B
12	49438302	C	T	p.Gly1656Asp	T	B
12	49438548	C	T	p.Asp1648Asn	D	B
12	49438554	C	A	p.Asp1646Tyr	D	D
12	49438581	G	A	p.Pro1637Ser	T	B
12	49438587	G	A	p.Leu1635Phe	T	B
12	49438587	G	C	p.Leu1635Val	T	B
12	49438590	C	G	p.Ala1634Pro	T	B
12	49438602	C	G	p.Glu1630Gln	T	P
12	49438623	C	T	p.Glu1623Lys	D	P
12	49438625	C	G	p.Gly1622Ala	D	D
12	49438631	A	T	p.Leu1620His	D	D
12	49438643	C	T	p.Gly1616Glu	T	P
12	49438650	G	A	p.Arg1614Trp	D	D
12	49438653	G	T	p.Gln1613Lys	T	P
12	49438659	G	A	p.Arg1611Trp	D	D
12	49438682	A	G	p.Leu1603Pro	D	D
12	49438684	G	T	p.Asn1602Lys	D	P
12	49438688	C	T	p.Arg1601His	D	D
12	49438689	G	A	p.Arg1601Cys	D	D
12	49438693	C	G	p.Leu1599Phe	T	B
12	49438719	A	C	p.Trp1591Gly	D	D
12	49438734	G	A	p.Arg1586Cys	D	D
12	49438745	G	A	p.Pro1582Leu	D	D
12	49439715	C	G	p.Val1577Leu	T	B
12	49439715	C	T	p.Val1577Met	D	P
12	49439721	T	C	p.Met1575Val	T	B
12	49439721	T	G	p.Met1575Leu	T	B
12	49439731	C	G	p.Glu1571Asp	T	P
12	49439859	A	C	p.Val1561Gly	T	B
12	49439863	C	T	p.Val1560Met	T	P
12	49439894	T	G	p.Glu1549Asp	T	B
12	49439899	C	T	p.Asp1548Asn	D	D
12	49439901	G	A	p.Ala1547Val	D	P
12	49439902	C	T	p.Ala1547Thr	D	P
12	49439909	C	A	p.Glu1544Asp	T	D
12	49439953	T	C	p.Met1530Val	T	B
12	49440046	T	A	p.Glu1527Val	D	P
12	49440083	C	T	p.Val1515Ile	T	B
12	49440089	G	A	p.Pro1513Ser	T	B
12	49440101	T	C	p.Ile1509Val	T	B
12	49440130	C	G	p.Gly1499Ala	T	B
12	49440181	G	A	p.Ala1482Val	D	P
12	49440182	C	A	p.Ala1482Ser	T	B
12	49440194	T	C	p.Met1478Val	T	B
12	49440408	C	A	p.Gly1468Cys	D	D
12	49440462	T	C	p.Ile1450Val	T	B
12	49440542	C	T	p.Arg1423His	D	D
12	49440559	C	T	p.Met1417Ile	T	P
12	49441819	C	A	p.Gly1389Trp	D	D
12	49441821	C	A	p.Arg1388Leu	T	B
12	49441821	C	T	p.Arg1388Gln	T	B
12	49441842	A	G	p.Val1381Ala	D	D
12	49442458	T	G	p.Lys1372Thr	D	D
12	49442465	T	C	p.Thr1370Ala	D	D
12	49442483	C	T	p.Val1364Met	D	D
12	49442505	A	T	p.Asp1356Glu	T	B
12	49442542	A	G	p.Ile1344Thr	T	B
12	49442543	T	C	p.Ile1344Val	T	B
12	49442901	A	G	p.Ile1336Thr	D	B
12	49442902	T	C	p.Ile1336Val	T	B
12	49442907	G	C	p.Ser1334Cys	D	D
12	49442908	A	C	p.Ser1334Ala	D	P
12	49442910	G	A	p.Ala1333Val	T	B
12	49442914	T	C	p.Thr1332Ala	T	B
12	49442925	C	T	p.Arg1328Gln	D	D
12	49442926	G	A	p.Arg1328Trp	D	D
12	49442940	C	T	p.Gly1323Asp	D	D
12	49442952	T	C	p.His1319Arg	T	B
12	49442958	C	T	p.Gly1317Glu	D	D
12	49442964	C	G	p.Arg1315Pro	D	D
12	49442965	G	A	p.Arg1315Cys	D	D
12	49442970	C	T	p.Arg1313Gln	D	D
12	49442971	G	A	p.Arg1313Trp	D	D
12	49442973	C	G	p.Arg1312Pro	D	D
12	49442997	C	T	p.Arg1304His	D	D
12	49442998	G	A	p.Arg1304Cys	D	D
12	49443476	G	A	p.Arg1299Cys	D	D
12	49443478	G	A	p.Ser1298Phe	D	D
12	49443478	G	C	p.Ser1298Cys	D	D
12	49443481	C	T	p.Arg1297His	D	D
12	49443482	G	A	p.Arg1297Cys	D	D
12	49443488	G	A	p.Pro1295Ser	T	D
12	49443497	G	A	p.Arg1292Cys	D	D
12	49443499	C	T	p.Arg1291Gln	T	D
12	49443502	C	G	p.Arg1290Pro	D	P
12	49443502	C	T	p.Arg1290Gln	D	B
12	49443509	T	C	p.Lys1288Glu	D	P
12	49443515	C	G	p.Gly1286Arg	T	B
12	49443530	C	T	p.Gly1281Arg	D	D
12	49443533	T	G	p.Ser1280Arg	D	B
12	49443536	T	C	p.Ile1279Val	T	B
12	49443539	C	G	p.Ala1278Pro	T	B
12	49443551	C	T	p.Asp1274Asn	D	B
12	49443553	C	T	p.Cys1273Tyr	T	B
12	49443592	C	T	p.Cys1260Tyr	D	P
12	49443593	A	G	p.Cys1260Arg	D	P
12	49443596	G	A	p.Leu1259Phe	D	D
12	49443616	C	A	p.Arg1252Leu	D	P
12	49443634	G	A	p.Thr1246Met	D	D
12	49443640	A	G	p.Val1244Ala	D	B
12	49443651	C	T	p.Met1240Ile	D	B
12	49443653	T	C	p.Met1240Val	D	B
12	49443661	G	C	p.Ser1237Cys	D	D
12	49443662	A	C	p.Ser1237Ala	D	P
12	49443667	C	T	p.Gly1235Asp	T	B
12	49443668	C	G	p.Gly1235Arg	D	P
12	49443670	C	A	p.Gly1234Val	D	B
12	49443671	C	A	p.Gly1234Trp	D	P
12	49443672	C	A	p.Glu1233Asp	D	D
12	49443721	C	T	p.Ser1217Asn	D	D
12	49443731	C	T	p.Gly1214Ser	D	D
12	49443732	C	G	p.Gln1213His	T	B
12	49443758	C	T	p.Val1205Ile	D	B
12	49443761	T	C	p.Ile1204Val	D	B
12	49443766	G	C	p.Ser1202Cys	D	D
12	49443773	T	G	p.Ile1200Leu	D	B
12	49443794	C	A	p.Ala1193Ser	D	B
12	49443799	G	A	p.Pro1191Leu	D	B
12	49443806	G	A	p.Arg1189Cys	D	B
12	49443826	C	G	p.Cys1182Ser	D	P
12	49443827	A	G	p.Cys1182Arg	D	P
12	49443830	G	A	p.Pro1181Ser	D	B
12	49443832	G	A	p.Ser1180Leu	D	B
12	49443847	G	A	p.Thr1175Ile	D	B
12	49443860	C	T	p.Glu1171Lys	D	B
12	49443887	G	A	p.Pro1162Ser	D	D
12	49443890	C	T	p.Ala1161Thr	T	B
12	49443899	C	T	p.Glu1158Lys	D	P
12	49443932	C	T	p.Glu1147Lys	D	B
12	49443937	G	A	p.Ala1145Val	D	B
12	49443941	A	T	p.Leu1144Met	D	B
12	49443949	G	A	p.Pro1141Leu	D	B
12	49443956	G	C	p.Gln1139Glu	D	B
12	49443961	G	C	p.Pro1137Arg	D	B
12	49443963	C	A	p.Glu1136Asp	D	B
12	49443976	C	T	p.Gly1132Asp	D	B
12	49443979	G	A	p.Pro1131Leu	D	B
12	49443979	G	C	p.Pro1131Arg	D	B
12	49443980	G	A	p.Pro1131Ser	D	B
12	49443982	G	A	p.Ala1130Val	D	B
12	49443983	C	T	p.Ala1130Thr	T	B
12	49443988	A	G	p.Ile1128Thr	T	B
12	49443991	C	T	p.Gly1127Glu	D	B
12	49443992	C	T	p.Gly1127Arg	D	P
12	49444001	G	A	p.Pro1124Ser	D	B
12	49444006	G	A	p.Thr1122Ile	T	B
12	49444009	T	C	p.Asp1121Gly	T	P
12	49444013	C	T	p.Glu1120Lys	D	P
12	49444049	G	A	p.Pro1108Ser	D	B
12	49444051	C	T	p.Ser1107Asn	D	P
12	49444058	C	T	p.Ala1105Thr	D	P
12	49444066	G	C	p.Ser1102Cys	D	P
12	49444073	C	G	p.Asp1100His	D	B
12	49444075	C	A	p.Gly1099Val	D	P
12	49444075	C	T	p.Gly1099Glu	D	B
12	49444077	C	A	p.Met1098Ile	D	B
12	49444079	T	C	p.Met1098Val	T	B
12	49444079	T	G	p.Met1098Leu	T	B
12	49444093	G	A	p.Pro1093Leu	D	D
12	49444133	C	G	p.Glu1080Gln	D	B
12	49444133	C	T	p.Glu1080Lys	D	B
12	49444157	C	T	p.Glu1072Lys	T	B
12	49444178	A	T	p.Ser1065Thr	D	B
12	49444181	C	T	p.Val1064Ile	D	B
12	49444183	C	T	p.Gly1063Glu	T	B
12	49444186	A	G	p.Val1062Ala	D	B
12	49444190	C	A	p.Val1061Leu	T	B
12	49444190	C	T	p.Val1061Ile	D	B
12	49444191	C	A	p.Lys1060Asn	T	B
12	49444210	G	A	p.Pro1054Leu	D	B
12	49444229	G	C	p.Pro1048Ala	D	B
12	49444237	G	A	p.Pro1045Leu	D	B
12	49444249	T	C	p.Gln1041Arg	D	B
12	49444256	G	A	p.Pro1039Ser	D	B
12	49444279	G	C	p.Ser1031Cys	D	B
12	49444282	T	C	p.His1030Arg	D	B
12	49444283	G	A	p.His1030Tyr	D	B
12	49444295	G	A	p.Pro1026Ser	D	B
12	49444297	G	A	p.Ser1025Leu	D	B
12	49444298	A	G	p.Ser1025Pro	D	B
12	49444301	A	G	p.Cys1024Arg	T	B
12	49444322	T	C	p.Met1017Val	D	B
12	49444328	T	C	p.Ile1015Val	D	B
12	49444337	C	T	p.Ala1012Thr	T	B
12	49444339	G	A	p.Pro1011Leu	D	B
12	49444343	C	T	p.Gly1010Arg	D	B
12	49444345	A	C	p.Val1009Gly	D	B
12	49444346	C	A	p.Val1009Leu	T	B
12	49444346	C	G	p.Val1009Leu	T	B
12	49444351	G	A	p.Ser1007Phe	D	P
12	49444355	C	G	p.Gly1006Arg	D	B
12	49444360	G	T	p.Ser1004Tyr	D	P
12	49444372	A	T	p.Ile1000Asn	D	B
12	49444376	T	C	p.Met999Val	D	B
12	49444379	G	C	p.Pro998Ala	D	B
12	49444379	G	T	p.Pro998Thr	D	B
12	49444381	G	C	p.Pro997Arg	D	B
12	49444381	G	T	p.Pro997His	D	P
12	49444400	T	C	p.Thr991Ala	D	B
12	49444400	T	G	p.Thr991Pro	D	P
12	49444457	G	A	p.Pro972Ser	D	D
12	49444474	T	A	p.Asp966Val	D	B
12	49444499	C	T	p.Glu958Lys	D	B
12	49444509	C	A	p.Leu954Phe	D	P
12	49444525	G	A	p.Pro949Leu	D	P
12	49444532	C	A	p.Ala947Ser	D	B
12	49444542	G	C	p.Ile943Met	D	B
12	49444674	G	A	p.Pro931Leu	D	B
12	49444686	G	A	p.Pro927Leu	D	B
12	49444689	G	A	p.Ser926Leu	D	B
12	49444695	G	A	p.Ser924Phe	D	B
12	49444710	G	A	p.Pro919Leu	T	B
12	49444711	G	C	p.Pro919Ala	D	B
12	49444719	G	A	p.Pro916Leu	D	B
12	49444740	G	A	p.Ser909Phe	D	P
12	49444750	G	T	p.Pro906Thr	D	B
12	49444779	C	G	p.Gly896Ala	D	B
12	49444789	G	C	p.Pro893Ala	D	P
12	49444810	G	C	p.Pro886Ala	T	B
12	49444810	G	T	p.Pro886Thr	T	B
12	49444812	G	A	p.Pro885Leu	D	B
12	49444815	G	A	p.Pro884Leu	T	B
12	49444824	G	A	p.Pro881Leu	D	B
12	49444829	C	A	p.Glu879Asp	D	B
12	49444834	C	T	p.Glu878Lys	T	B
12	49444837	G	A	p.Pro877Ser	T	B
12	49444837	G	T	p.Pro877Thr	D	B
12	49444875	G	A	p.Pro864Leu	D	B
12	49444878	C	T	p.Arg863Gln	T	B
12	49444879	G	A	p.Arg863Trp	D	B
12	49444884	G	A	p.Ser861Phe	D	B
12	49444884	G	C	p.Ser861Cys	D	B
12	49444887	A	C	p.Leu860Arg	D	B
12	49444887	A	G	p.Leu860Pro	D	B
12	49444888	G	C	p.Leu860Val	D	B
12	49444903	G	C	p.Leu855Val	T	B
12	49444915	G	C	p.Leu851Val	D	D
12	49444920	G	A	p.Ser849Leu	T	B
12	49444924	C	T	p.Glu848Lys	D	B
12	49444932	C	T	p.Arg845Gln	T	B
12	49444933	G	A	p.Arg845Trp	D	B
12	49444951	C	T	p.Glu839Lys	D	P
12	49444957	A	G	p.Ser837Pro	T	B
12	49444960	G	T	p.Gln836Lys	T	B
12	49444989	G	C	p.Pro826Arg	D	B
12	49444989	G	T	p.Pro826His	D	B
12	49444990	G	A	p.Pro826Ser	D	B
12	49444994	C	G	p.Leu824Phe	D	B
12	49445019	G	A	p.Ser816Phe	D	B
12	49445026	G	A	p.His814Tyr	D	B
12	49445028	G	A	p.Pro813Leu	T	B
12	49445044	G	A	p.Pro808Ser	D	B
12	49445078	A	C	p.His796Gln	T	B
12	49445079	T	C	p.His796Arg	T	B
12	49445080	G	A	p.His796Tyr	T	B
12	49445082	G	C	p.Pro795Arg	D	B
12	49445092	C	T	p.Ala792Thr	T	B
12	49445095	G	C	p.Gln791Glu	D	B
12	49445098	G	A	p.Pro790Ser	T	B
12	49445106	T	C	p.His787Arg	T	B
12	49445109	G	A	p.Pro786Leu	T	B
12	49445110	G	C	p.Pro786Ala	D	B
12	49445125	C	T	p.Ala781Thr	D	B
12	49445140	C	T	p.Glu776Lys	T	P
12	49445147	C	G	p.Gln773His	D	B
12	49445178	G	A	p.Pro763Leu	D	B
12	49445202	C	A	p.Arg755Leu	T	B
12	49445202	C	T	p.Arg755Gln	T	B
12	49445203	G	C	p.Arg755Gly	T	B
12	49445217	G	A	p.Pro750Leu	D	B
12	49445229	C	G	p.Arg746Pro	D	P
12	49445229	C	T	p.Arg746Gln	T	B
12	49445230	G	A	p.Arg746Trp	D	P
12	49445244	G	A	p.Pro741Leu	T	B
12	49445250	T	G	p.Glu739Ala	D	B
12	49445256	C	G	p.Arg737Pro	T	B
12	49445256	C	T	p.Arg737Gln	T	B
12	49445257	G	A	p.Arg737Trp	D	B
12	49445259	G	T	p.Pro736His	D	D
12	49445260	G	A	p.Pro736Ser	D	D
12	49445262	C	A	p.Cys735Phe	D	B
12	49445266	G	C	p.Leu734Val	D	B
12	49445271	G	A	p.Pro732Leu	T	B
12	49445273	C	A	p.Glu731Asp	D	B
12	49445292	A	T	p.Leu725Gln	D	B
12	49445310	G	A	p.Pro719Leu	D	B
12	49445319	A	G	p.Met716Thr	D	B
12	49445320	T	C	p.Met716Val	T	B
12	49445325	G	A	p.Ser714Leu	T	B
12	49445328	T	C	p.Asp713Gly	D	B
12	49445331	T	C	p.Glu712Gly	D	B
12	49445337	G	C	p.Pro710Arg	T	B
12	49445338	G	A	p.Pro710Ser	D	B
12	49445341	G	A	p.Pro709Ser	D	B
12	49445350	G	A	p.Pro706Ser	D	B
12	49445356	C	A	p.Asp704Tyr	D	B
12	49445362	G	A	p.Pro702Ser	T	B
12	49445362	G	C	p.Pro702Ala	D	B
12	49445370	G	C	p.Ser699Cys	D	B
12	49445377	G	A	p.Pro697Ser	D	B
12	49445391	G	T	p.Pro692Gln	D	B
12	49445392	G	T	p.Pro692Thr	D	B
12	49445395	G	A	p.Pro691Ser	D	B
12	49445403	C	A	p.Arg688Leu	T	B
12	49445403	C	T	p.Arg688His	D	B
12	49445404	G	A	p.Arg688Cys	T	B
12	49445410	C	T	p.Ala686Thr	D	B
12	49445427	G	A	p.Thr680Met	T	B
12	49445445	G	A	p.Pro674Leu	D	B
12	49445472	G	A	p.Pro665Leu	T	B
12	49445476	G	C	p.Pro664Ala	D	B
12	49445484	C	T	p.Arg661His	T	B
12	49445496	G	A	p.Pro657Leu	D	B
12	49445500	G	T	p.Leu656Met	T	B
12	49445503	G	A	p.Pro655Ser	D	B
12	49445505	G	A	p.Ser654Phe	T	B
12	49445505	G	T	p.Ser654Tyr	D	B
12	49445511	C	T	p.Arg652His	T	B
12	49445526	G	C	p.Pro647Arg	D	B
12	49445526	G	T	p.Pro647Gln	T	B
12	49445527	G	C	p.Pro647Ala	D	B
12	49445527	G	T	p.Pro647Thr	D	B
12	49445532	G	A	p.Ser645Phe	D	B
12	49445539	G	A	p.Pro643Ser	D	B
12	49445544	T	C	p.Glu641Gly	D	B
12	49445550	G	A	p.Pro639Leu	D	B
12	49445550	G	C	p.Pro639Arg	D	B
12	49445553	G	C	p.Pro638Arg	D	B
12	49445554	G	A	p.Pro638Ser	D	B
12	49445554	G	C	p.Pro638Ala	D	B
12	49445557	G	T	p.Pro637Thr	D	B
12	49445563	T	C	p.Met635Val	D	B
12	49445565	G	T	p.Pro634His	D	P
12	49445568	G	A	p.Ser633Leu	T	B
12	49445578	G	A	p.Pro630Ser	D	B
12	49445586	G	A	p.Ser627Phe	D	B
12	49445592	C	T	p.Arg625His	D	B
12	49445607	G	C	p.Pro620Arg	D	B
12	49445631	G	T	p.Pro612His	D	B
12	49445646	G	A	p.Pro607Leu	D	P
12	49445673	C	T	p.Arg598His	D	B
12	49445674	G	A	p.Arg598Cys	T	B
12	49445685	G	A	p.Pro594Leu	D	B
12	49445688	G	C	p.Pro593Arg	D	B
12	49445698	T	C	p.Met590Val	D	B
12	49445703	G	A	p.Ser588Leu	D	B
12	49445707	C	G	p.Glu587Gln	D	B
12	49445707	C	T	p.Glu587Lys	D	B
12	49445742	G	A	p.Pro575Leu	D	B
12	49445751	A	G	p.Leu572Pro	D	B
12	49445754	C	A	p.Arg571Leu	D	B
12	49445754	C	T	p.Arg571His	D	B
12	49445761	C	A	p.Ala569Ser	D	B
12	49445772	G	A	p.Pro565Leu	D	P
12	49445779	T	A	p.Thr563Ser	D	B
12	49445799	G	A	p.Pro556Leu	D	B
12	49445809	G	A	p.Pro553Ser	D	B
12	49445820	A	G	p.Phe549Ser	D	B
12	49445826	G	A	p.Pro547Leu	D	B
12	49445838	G	A	p.Ser543Leu	D	B
12	49445871	A	G	p.Leu532Pro	D	B
12	49445887	G	A	p.Pro527Ser	D	B
12	49445898	G	A	p.Pro523Leu	T	B
12	49445899	G	T	p.Pro523Thr	D	B
12	49445913	G	A	p.Ser518Leu	D	B
12	49445934	G	C	p.Pro511Arg	T	B
12	49445935	G	A	p.Pro511Ser	D	B
12	49445949	G	C	p.Pro506Arg	D	B
12	49445949	G	T	p.Pro506Gln	T	B
12	49445976	G	A	p.Pro497Leu	D	B
12	49445979	G	A	p.Pro496Leu	D	B
12	49445986	G	C	p.Leu494Val	D	B
12	49445989	G	A	p.Pro493Ser	D	B
12	49446003	G	A	p.Pro488Leu	T	B
12	49446006	C	T	p.Arg487Gln	T	B
12	49446007	G	A	p.Arg487Trp	D	B
12	49446040	C	T	p.Ala476Thr	D	B
12	49446043	G	A	p.Pro475Ser	D	B
12	49446054	G	A	p.Pro471Leu	D	B
12	49446058	G	C	p.Pro470Ala	D	B
12	49446061	G	C	p.Pro469Ala	D	B
12	49446070	G	A	p.Arg466Cys	D	B
12	49446088	G	T	p.Pro460Thr	D	B
12	49446090	G	A	p.Ser459Phe	D	B
12	49446090	G	T	p.Ser459Tyr	D	B
12	49446093	G	A	p.Thr458Met	D	B
12	49446099	G	A	p.Ser456Leu	D	B
12	49446126	G	A	p.Ser447Leu	D	B
12	49446129	T	C	p.Glu446Gly	D	P
12	49446129	T	G	p.Glu446Ala	D	B
12	49446138	G	T	p.Pro443Gln	D	B
12	49446160	C	T	p.Glu436Lys	D	B
12	49446168	G	A	p.Pro433Leu	T	B
12	49446171	G	A	p.Ala432Val	D	B
12	49446171	G	T	p.Ala432Asp	D	B
12	49446190	G	A	p.Leu426Phe	D	B
12	49446202	C	T	p.Ala422Thr	D	B
12	49446352	G	C	p.Pro418Arg	D	D
12	49446355	T	C	p.Lys417Arg	D	B
12	49446384	C	G	p.Lys407Asn	D	B
12	49446395	T	C	p.Met404Val	T	B
12	49446404	C	T	p.Val401Met	T	B
12	49446412	C	T	p.Gly398Asp	D	B
12	49446418	G	C	p.Pro396Arg	D	P
12	49446431	A	G	p.Cys392Arg	D	B
12	49446434	C	G	p.Ala391Pro	D	B
12	49446437	C	T	p.Val390Ile	T	B
12	49446449	C	T	p.Asp386Asn	D	B
12	49446452	G	A	p.Pro385Ser	D	B
12	49446460	G	A	p.Thr382Ile	D	B
12	49446464	G	A	p.Pro381Ser	D	D
12	49446482	G	A	p.Pro375Ser	T	B
12	49446485	G	T	p.Pro374Thr	T	B
12	49446487	G	A	p.Ser373Leu	T	B
12	49446488	A	G	p.Ser373Pro	T	B
12	49446704	C	T	p.Cys369Tyr	D	P
12	49446710	G	A	p.Pro367Leu	D	B
12	49446716	T	A	p.His365Leu	T	B
12	49446719	T	C	p.Gln364Arg	T	B
12	49446729	C	T	p.Val361Ile	T	B
12	49446732	A	T	p.Ser360Thr	D	B
12	49446734	C	T	p.Arg359His	T	B
12	49446735	G	A	p.Arg359Cys	T	B
12	49446743	T	G	p.Gln356Pro	D	B
12	49446755	G	A	p.Ala352Val	T	B
12	49446756	C	T	p.Ala352Thr	T	B
12	49446761	T	C	p.His350Arg	D	B
12	49446767	C	T	p.Arg348His	T	B
12	49446768	G	A	p.Arg348Cys	D	B
12	49446773	C	G	p.Cys346Ser	D	D
12	49446777	G	C	p.Leu345Val	T	B
12	49446800	G	A	p.Ser337Leu	D	B
12	49446800	G	C	p.Ser337Trp	D	P
12	49446810	T	C	p.Asn334Asp	T	B
12	49446827	G	A	p.Ala328Val	T	B
12	49446830	C	A	p.Gly327Val	D	P
12	49446837	C	A	p.Ala325Ser	T	B
12	49446846	C	G	p.Val322Leu	T	B
12	49447009	G	T	p.Ala312Asp	T	B
12	49447024	A	C	p.Met307Arg	D	B
12	49447082	T	A	p.Met288Leu	T	D
12	49447085	T	C	p.Lys287Glu	D	B
12	49447099	G	C	p.Pro282Arg	D	D
12	49447266	C	A	p.Ala278Ser	T	B
12	49447286	G	C	p.Pro271Arg	T	D
12	49447304	C	T	p.Arg265His	D	P
12	49447305	G	A	p.Arg265Cys	D	B
12	49447310	C	T	p.Arg263His	T	B
12	49447311	G	A	p.Arg263Cys	T	P
12	49447334	C	T	p.Cys255Tyr	D	D
12	49447341	C	T	p.Gly253Arg	D	D
12	49447355	C	T	p.Gly248Glu	D	D
12	49447361	C	G	p.Ser246Thr	T	P
12	49447384	C	A	p.Leu238Phe	T	D
12	49447395	G	T	p.Pro235Thr	D	B
12	49447406	A	G	p.Val231Ala	D	P
12	49447410	C	T	p.Ala230Thr	T	B
12	49447415	C	T	p.Arg228His	T	B
12	49447416	G	C	p.Arg228Gly	T	B
12	49447773	C	G	p.Ala221Pro	D	D
12	49447791	G	C	p.Pro215Ala	D	B
12	49447802	T	C	p.Gln211Arg	T	B
12	49447808	G	A	p.Thr209Ile	D	B
12	49447814	A	T	p.Met207Lys	T	D
12	49447838	G	A	p.Thr199Ile	T	B
12	49447841	G	A	p.Ala198Val	D	D
12	49447862	C	T	p.Arg191Gln	T	D
12	49447875	G	C	p.Pro187Ala	T	B
12	49447880	C	T	p.Arg185His	T	B
12	49447881	G	A	p.Arg185Cys	T	D
12	49447890	T	C	p.Ile182Val	T	B
12	49447913	T	C	p.His174Arg	T	D
12	49448107	A	C	p.Phe165Val	T	B
12	49448137	G	C	p.Pro155Ala	T	B
12	49448139	C	T	p.Gly154Asp	T	B
12	49448152	A	G	p.Trp150Arg	T	B
12	49448376	C	G	p.Ser112Thr	T	B
12	49448385	A	G	p.Val109Ala	T	B
12	49448394	T	C	p.Asn106Ser	T	B
12	49448406	C	T	p.Ser102Asn	T	B
12	49448412	C	G	p.Gly100Ala	D	B
12	49448413	C	A	p.Gly100Trp	D	P
12	49448415	G	C	p.Pro99Arg	D	B
12	49448422	C	A	p.Val97Leu	T	B
12	49448425	C	G	p.Val96Leu	T	B
12	49448425	C	T	p.Val96Met	D	B
12	49448434	G	A	p.Arg93Trp	D	B
12	49448437	G	C	p.Pro92Ala	D	D
12	49448460	C	T	p.Arg84His	T	B
12	49448461	G	A	p.Arg84Cys	D	B
12	49448463	C	T	p.Arg83Gln	T	B
12	49448481	T	C	p.His77Arg	D	P
12	49448491	G	C	p.Pro74Ala	T	B
12	49448497	C	T	p.Gly72Arg	D	P
12	49448511	G	A	p.Ala67Val	D	P
12	49448517	C	T	p.Arg65His	D	B
12	49448521	G	A	p.Arg64Trp	D	D
12	49448524	C	A	p.Val63Leu	T	B
12	49448524	C	T	p.Val63Met	T	B
12	49448526	G	A	p.Pro62Leu	T	B
12	49448695	G	A	p.Pro55Leu	T	B
12	49448714	G	T	p.Pro49Thr	T	B
12	49448726	T	C	p.Ser45Gly	D	B
12	49448744	C	T	p.Gly39Arg	D	P
12	49448752	G	A	p.Pro36Leu	T	B
12	49448755	T	C	p.Asn35Ser	T	B
12	49448777	C	T	p.Ala28Thr	T	B
12	49448779	C	T	p.Ser27Asn	T	B
12	49448792	A	C	p.Ser23Ala	T	B
12	49449064	G	A	p.Pro15Leu	D	B
12	49449075	T	A	p.Lys11Asn	T	B
12	49449075	T	G	p.Lys11Asn	T	B
12	49449089	C	G	p.Ala7Pro	T	B
12	49449093	C	G	p.Lys5Asn	D	D
