#chrom	position	ref	alt	AAchange	SIFT	Polyphen2
12	49415649	A	C	p.Tyr5510Asp	D	D
12	49415849	G	A	p.Arg5500Trp	D	D
12	49416063	C	A	p.Arg5471Met	D	D
12	49416090	T	C	p.Asp5462Gly	D	D
12	49416416	C	T	p.Arg5432Gln	D	D
12	49416438	C	T	p.Glu5425Lys	D	D
12	49418394	C	T	p.Arg5340Gln	D	D
12	49420100	A	G	p.Trp5217Arg	D	D
12	49420108	C	T	p.Arg5214His	D	D
12	49420109	G	A	p.Arg5214Cys	D	D
12	49420184	C	G	p.Gly5189Arg	D	D
12	49420439	A	G	p.Cys5104Arg	D	D
12	49420457	T	G	p.Thr5098Pro	T	D
12	49420573	T	G	p.His5059Pro	D	D
12	49420649	A	C	p.Phe5034Val	D	D
12	49420660	C	T	p.Arg5030His	D	D
12	49420661	G	A	p.Arg5030Cys	D	D
12	49420665	G	C	p.Asp5028Glu	D	D
12	49420856	C	T	p.Ala4965Thr	T	B
12	49422612	T	C	p.Lys4794Arg	D	D
12	49425232	G	A	p.Pro4419Leu	D	D
12	49426000	G	A	p.Pro4163Leu	D	P
12	49426003	C	T	p.Arg4162Gln	D	B
12	49426186	T	G	p.Gln4101Pro	T	B
12	49426418	T	C	p.Lys4024Glu	D	B
12	49426694	G	C	p.Gln3932Glu	D	B
12	49427108	G	A	p.Pro3794Ser	D	B
12	49427522	G	A	p.Arg3656Cys	D	D
12	49428201	C	A	p.Gly3500Val	D	P
12	49428694	T	C	p.Asp3419Gly	D	D
12	49430947	T	C	p.Met3398Val	D	B
12	49431168	C	A	p.Gly3324Val	D	P
12	49432618	G	T	p.Pro2841Thr	D	B
12	49433724	A	G	p.Leu2610Pro	T	B
12	49434175	G	A	p.Arg2460Cys	D	D
12	49434583	G	T	p.Pro2324Thr	D	P
12	49434742	G	A	p.Pro2271Ser	D	B
12	49434820	G	C	p.Leu2245Val	D	B
12	49434915	C	T	p.Gly2213Asp	D	B
12	49436954	C	T	p.Gly1850Asp	T	B
12	49440061	T	C	p.Gln1522Arg	D	D
12	49440199	G	C	p.Ser1476Cys	T	B
12	49440527	A	G	p.Ile1428Thr	T	P
12	49440558	G	T	p.Leu1418Met	D	D
12	49440561	T	C	p.Met1417Val	T	B
12	49441813	C	T	p.Glu1391Lys	D	D
12	49443598	C	T	p.Arg1258Gln	D	D
12	49443799	G	A	p.Pro1191Leu	D	B
12	49443979	G	A	p.Pro1131Leu	D	B
12	49444534	G	C	p.Ala946Gly	D	B
12	49444812	G	A	p.Pro885Leu	D	B
12	49445392	G	T	p.Pro692Thr	D	B
12	49445526	G	T	p.Pro647Gln	T	B
12	49446734	C	G	p.Arg359Pro	T	B
12	49447808	G	A	p.Thr209Ile	D	B
12	49448090	C	G	p.Gln170His	D	D
12	49448365	A	G	p.Ser116Pro	D	P
